instancia,seed,alpha,tempo,obj.grasp,obj.best
../instancias/VFR600_20_1_Gap.txt,4,1.000000,118.467350,36697,33054
../instancias/VFR600_20_1_Gap.txt,10,0.800000,121.899609,35391,32841
../instancias/VFR60_5_10_Gap.txt,1,0.400000,3.174241,3857,3680
../instancias/VFR500_60_3_Gap.txt,7,0.000000,299.690675,36930,33505
../instancias/VFR20_20_1_Gap.txt,7,0.800000,3.884229,2747,2348
../instancias/VFR500_40_1_Gap.txt,5,0.600000,196.929577,33913,30631
../instancias/VFR500_60_3_Gap.txt,7,0.200000,298.328251,37058,33626
../instancias/VFR10_15_1_Gap.txt,8,0.000000,1.456345,1424,1324
../instancias/VFR700_20_10_Gap.txt,8,0.800000,138.625335,40952,37890
../instancias/VFR100_60_1_Gap.txt,6,0.000000,57.578186,11247,10029
../instancias/VFR500_60_3_Gap.txt,3,0.400000,304.666250,36030,33596
../instancias/VFR500_60_3_Gap.txt,1,0.000000,302.412145,36930,33753
../instancias/VFR60_10_3_Gap.txt,1,0.800000,5.982951,4369,3527
../instancias/VFR500_60_3_Gap.txt,8,1.000000,302.068115,36437,33559
../instancias/VFR700_20_10_Gap.txt,1,0.600000,137.712178,41149,37920
../instancias/VFR600_20_1_Gap.txt,7,0.800000,119.104181,35881,33212
../instancias/VFR60_10_3_Gap.txt,4,0.600000,5.874841,4392,3617
../instancias/VFR20_10_3_Gap.txt,4,0.400000,1.977904,1918,1710
../instancias/VFR500_40_1_Gap.txt,7,1.000000,196.781639,32972,30794
../instancias/VFR20_20_1_Gap.txt,6,0.400000,4.056994,2794,2357
../instancias/VFR60_10_3_Gap.txt,2,0.800000,5.994140,4191,3621
../instancias/VFR60_10_3_Gap.txt,2,0.000000,6.041127,4357,3704
../instancias/VFR10_15_1_Gap.txt,1,0.000000,1.534927,1424,1352
../instancias/VFR500_40_1_Gap.txt,9,0.800000,201.960406,33455,30560
../instancias/VFR20_10_3_Gap.txt,5,1.000000,1.997374,2099,1710
../instancias/VFR10_15_1_Gap.txt,7,0.400000,1.467462,1502,1388
../instancias/VFR10_15_1_Gap.txt,7,0.800000,1.431329,1424,1346
../instancias/VFR60_5_10_Gap.txt,6,0.000000,3.063687,3849,3665
../instancias/VFR10_15_1_Gap.txt,2,0.600000,1.437551,1435,1308
../instancias/VFR700_20_10_Gap.txt,7,0.800000,137.753628,41383,37732
../instancias/VFR10_15_1_Gap.txt,7,0.000000,1.433140,1424,1352
../instancias/VFR500_40_1_Gap.txt,6,1.000000,199.773790,33515,30736
../instancias/VFR20_10_3_Gap.txt,8,1.000000,2.041099,1934,1667
../instancias/VFR700_20_10_Gap.txt,6,0.400000,138.617738,40725,37785
../instancias/VFR600_20_1_Gap.txt,8,0.800000,122.076369,36264,32812
../instancias/VFR500_60_3_Gap.txt,6,0.800000,299.299758,37046,33617
../instancias/VFR60_10_3_Gap.txt,4,0.200000,5.933766,4345,3639
../instancias/VFR700_20_10_Gap.txt,10,0.800000,137.762910,41420,37923
../instancias/VFR500_40_1_Gap.txt,8,0.600000,201.079787,33402,30798
../instancias/VFR20_10_3_Gap.txt,8,0.000000,2.048646,2017,1710
../instancias/VFR60_10_3_Gap.txt,5,0.400000,6.088572,4472,3638
../instancias/VFR500_60_3_Gap.txt,4,0.600000,301.675015,36089,33505
../instancias/VFR700_20_10_Gap.txt,5,0.800000,138.871216,41064,37853
../instancias/VFR20_10_3_Gap.txt,1,0.200000,2.030922,1966,1672
../instancias/VFR600_20_1_Gap.txt,5,0.400000,120.989881,35608,32841
../instancias/VFR10_15_1_Gap.txt,4,0.000000,1.443506,1424,1352
../instancias/VFR100_60_1_Gap.txt,1,0.000000,58.029818,11247,9975
../instancias/VFR10_15_1_Gap.txt,2,1.000000,1.461803,1577,1346
../instancias/VFR500_40_1_Gap.txt,1,1.000000,196.546349,33574,30662
../instancias/VFR700_20_10_Gap.txt,9,0.800000,140.398885,40584,38122
../instancias/VFR20_10_3_Gap.txt,3,0.400000,2.021356,2056,1694
../instancias/VFR500_60_3_Gap.txt,7,0.400000,296.211437,36304,33408
../instancias/VFR600_20_1_Gap.txt,4,0.000000,120.798432,35473,32903
../instancias/VFR700_20_10_Gap.txt,7,0.000000,141.527469,40916,37747
../instancias/VFR10_15_1_Gap.txt,10,0.200000,1.426680,1417,1350
../instancias/VFR500_60_3_Gap.txt,1,0.200000,296.501104,36688,33995
../instancias/VFR60_10_3_Gap.txt,4,1.000000,6.154770,4451,3579
../instancias/VFR500_40_1_Gap.txt,7,0.800000,207.406600,33712,30685
../instancias/VFR100_60_1_Gap.txt,10,0.000000,58.137416,11247,10060
../instancias/VFR500_40_1_Gap.txt,1,0.800000,196.725594,33871,30757
../instancias/VFR20_20_1_Gap.txt,3,0.800000,3.799710,2659,2367
../instancias/VFR60_10_3_Gap.txt,9,0.000000,5.905746,4357,3597
../instancias/VFR20_10_3_Gap.txt,3,1.000000,2.027189,1972,1673
../instancias/VFR60_5_10_Gap.txt,10,0.400000,3.091093,3857,3680
../instancias/VFR10_15_1_Gap.txt,2,0.000000,1.435551,1424,1346
../instancias/VFR20_10_3_Gap.txt,2,0.600000,2.007270,1938,1740
../instancias/VFR60_5_10_Gap.txt,4,1.000000,3.064992,3908,3665
../instancias/VFR700_20_10_Gap.txt,1,1.000000,139.326901,41658,37681
../instancias/VFR60_5_10_Gap.txt,6,0.200000,3.085529,3847,3665
../instancias/VFR500_40_1_Gap.txt,8,1.000000,197.466154,33251,30979
../instancias/VFR60_10_3_Gap.txt,10,0.000000,5.985229,4357,3662
../instancias/VFR20_20_1_Gap.txt,7,0.400000,3.776834,2633,2385
../instancias/VFR500_40_1_Gap.txt,3,0.800000,198.423023,33668,30867
../instancias/VFR20_20_1_Gap.txt,2,0.600000,3.821799,2699,2382
../instancias/VFR60_10_3_Gap.txt,8,0.200000,5.967387,4264,3751
../instancias/VFR20_10_3_Gap.txt,2,0.400000,2.016181,2000,1679
../instancias/VFR60_5_10_Gap.txt,5,1.000000,3.185768,3868,3665
../instancias/VFR500_40_1_Gap.txt,9,0.400000,197.485759,33414,30646
../instancias/VFR500_60_3_Gap.txt,1,0.400000,294.379545,36684,33535
../instancias/VFR500_60_3_Gap.txt,6,0.600000,302.112722,36930,33559
../instancias/VFR10_15_1_Gap.txt,6,0.400000,1.519954,1436,1346
../instancias/VFR600_20_1_Gap.txt,6,0.000000,118.767193,35473,32793
../instancias/VFR500_60_3_Gap.txt,4,1.000000,298.758998,36352,33538
../instancias/VFR60_5_10_Gap.txt,6,0.400000,3.220545,3816,3684
../instancias/VFR700_20_10_Gap.txt,9,0.000000,143.644884,40916,37898
../instancias/VFR500_60_3_Gap.txt,5,0.000000,296.093099,36930,33412
../instancias/VFR100_60_1_Gap.txt,10,1.000000,58.182335,11084,9979
../instancias/VFR60_5_10_Gap.txt,7,0.000000,3.135217,3849,3665
../instancias/VFR20_20_1_Gap.txt,9,0.200000,3.865641,2722,2313
../instancias/VFR500_60_3_Gap.txt,9,0.400000,297.756160,36459,33497
../instancias/VFR20_20_1_Gap.txt,7,1.000000,3.792254,2693,2352
../instancias/VFR500_40_1_Gap.txt,10,0.800000,198.496143,33426,30624
../instancias/VFR60_10_3_Gap.txt,5,0.200000,5.988856,4452,3540
../instancias/VFR600_20_1_Gap.txt,8,0.000000,119.029286,35473,32893
../instancias/VFR20_10_3_Gap.txt,8,0.800000,2.004967,1867,1711
../instancias/VFR20_20_1_Gap.txt,10,0.000000,3.832364,2715,2314
../instancias/VFR500_40_1_Gap.txt,10,0.600000,196.825369,33468,30517
../instancias/VFR60_5_10_Gap.txt,3,0.400000,3.105210,3882,3684
../instancias/VFR20_20_1_Gap.txt,8,0.000000,3.937712,2715,2388
../instancias/VFR700_20_10_Gap.txt,10,0.200000,138.866402,40902,37817
../instancias/VFR500_40_1_Gap.txt,3,0.000000,197.635221,33119,30505
../instancias/VFR20_20_1_Gap.txt,4,0.400000,3.856748,2767,2300
../instancias/VFR500_40_1_Gap.txt,9,0.600000,197.370712,33847,30505
../instancias/VFR60_10_3_Gap.txt,10,0.800000,6.174610,4460,3553
../instancias/VFR60_5_10_Gap.txt,3,0.800000,3.197418,4002,3665
../instancias/VFR600_20_1_Gap.txt,8,1.000000,116.889111,36272,32760
../instancias/VFR700_20_10_Gap.txt,7,0.400000,136.319546,41932,37743
../instancias/VFR10_15_1_Gap.txt,3,1.000000,1.471754,1664,1347
../instancias/VFR60_10_3_Gap.txt,8,0.800000,5.960135,4547,3583
../instancias/VFR600_20_1_Gap.txt,2,0.200000,122.658046,35651,32925
../instancias/VFR20_10_3_Gap.txt,2,0.200000,1.996189,2018,1687
../instancias/VFR20_20_1_Gap.txt,2,0.400000,3.814581,2901,2343
../instancias/VFR10_15_1_Gap.txt,10,0.000000,1.430355,1424,1352
../instancias/VFR10_15_1_Gap.txt,5,0.400000,1.494224,1482,1388
../instancias/VFR20_10_3_Gap.txt,8,0.200000,2.056314,2048,1713
../instancias/VFR500_60_3_Gap.txt,3,1.000000,299.151874,36729,33591
../instancias/VFR500_40_1_Gap.txt,4,0.600000,197.765370,34080,30683
../instancias/VFR600_20_1_Gap.txt,2,0.000000,117.638444,35473,32835
../instancias/VFR600_20_1_Gap.txt,8,0.400000,120.517437,35550,33043
../instancias/VFR600_20_1_Gap.txt,4,0.400000,119.631679,36093,33162
../instancias/VFR700_20_10_Gap.txt,8,0.400000,138.360466,40696,37874
../instancias/VFR500_60_3_Gap.txt,9,1.000000,299.746437,36327,33448
../instancias/VFR20_20_1_Gap.txt,2,0.000000,3.914867,2715,2342
../instancias/VFR10_15_1_Gap.txt,2,0.800000,1.557411,1422,1396
../instancias/VFR100_60_1_Gap.txt,7,0.600000,58.868917,11390,10104
../instancias/VFR700_20_10_Gap.txt,10,0.600000,140.578107,41038,37732
../instancias/VFR20_20_1_Gap.txt,5,0.800000,3.773597,2742,2384
../instancias/VFR20_10_3_Gap.txt,7,0.600000,2.020804,1935,1713
../instancias/VFR20_10_3_Gap.txt,1,0.400000,2.038040,1864,1682
../instancias/VFR100_60_1_Gap.txt,5,0.600000,58.284847,11264,10005
../instancias/VFR700_20_10_Gap.txt,9,0.200000,139.811034,41269,37831
../instancias/VFR20_20_1_Gap.txt,5,1.000000,3.898034,2902,2431
../instancias/VFR100_60_1_Gap.txt,7,0.400000,57.580713,11189,9968
../instancias/VFR60_5_10_Gap.txt,1,0.200000,3.126742,3812,3665
../instancias/VFR10_15_1_Gap.txt,5,0.600000,1.408133,1494,1315
../instancias/VFR700_20_10_Gap.txt,2,0.800000,138.123966,40899,37977
../instancias/VFR700_20_10_Gap.txt,9,0.400000,139.035417,40980,37889
../instancias/VFR60_5_10_Gap.txt,9,0.000000,3.142142,3849,3663
../instancias/VFR500_60_3_Gap.txt,9,0.000000,294.950635,36930,33470
../instancias/VFR60_5_10_Gap.txt,5,0.000000,3.196215,3849,3680
../instancias/VFR20_20_1_Gap.txt,5,0.000000,3.874004,2715,2413
../instancias/VFR500_60_3_Gap.txt,3,0.000000,297.091115,36930,33465
../instancias/VFR700_20_10_Gap.txt,7,1.000000,138.305785,41679,38054
../instancias/VFR100_60_1_Gap.txt,6,0.600000,59.136251,11322,10122
../instancias/VFR60_10_3_Gap.txt,7,0.400000,6.081566,4207,3650
../instancias/VFR10_15_1_Gap.txt,8,0.600000,1.410373,1492,1316
../instancias/VFR600_20_1_Gap.txt,8,0.600000,119.006288,35983,32957
../instancias/VFR60_10_3_Gap.txt,2,0.600000,5.833828,4224,3613
../instancias/VFR20_20_1_Gap.txt,8,1.000000,3.811529,2726,2311
../instancias/VFR600_20_1_Gap.txt,2,0.600000,116.677456,36759,33090
../instancias/VFR600_20_1_Gap.txt,3,0.400000,118.404126,36049,32971
../instancias/VFR500_60_3_Gap.txt,2,0.800000,297.924956,36001,33513
../instancias/VFR20_20_1_Gap.txt,3,0.000000,3.764446,2715,2384
../instancias/VFR600_20_1_Gap.txt,1,0.600000,117.319662,35842,32976
../instancias/VFR60_10_3_Gap.txt,7,0.800000,5.916770,4554,3530
../instancias/VFR20_10_3_Gap.txt,9,0.600000,1.974499,1934,1644
../instancias/VFR600_20_1_Gap.txt,1,1.000000,121.202712,36339,33083
../instancias/VFR20_10_3_Gap.txt,2,0.000000,2.004963,2017,1697
../instancias/VFR500_40_1_Gap.txt,2,0.000000,194.367701,33119,30707
../instancias/VFR700_20_10_Gap.txt,8,0.000000,143.262539,40916,38055
../instancias/VFR20_20_1_Gap.txt,10,0.800000,3.917990,2734,2345
../instancias/VFR100_60_1_Gap.txt,8,0.800000,58.237990,11366,9958
../instancias/VFR10_15_1_Gap.txt,3,0.600000,1.462408,1441,1356
../instancias/VFR500_60_3_Gap.txt,5,0.600000,296.047139,37092,33625
../instancias/VFR500_60_3_Gap.txt,8,0.000000,298.125479,36930,33510
../instancias/VFR700_20_10_Gap.txt,2,0.400000,137.828756,41203,37912
../instancias/VFR700_20_10_Gap.txt,6,0.600000,138.937054,41754,37713
../instancias/VFR600_20_1_Gap.txt,9,0.200000,117.089894,36019,32987
../instancias/VFR20_10_3_Gap.txt,8,0.600000,1.996715,1894,1736
../instancias/VFR20_10_3_Gap.txt,1,0.000000,2.012053,2017,1672
../instancias/VFR60_5_10_Gap.txt,7,0.800000,3.231691,3923,3665
../instancias/VFR10_15_1_Gap.txt,7,0.600000,1.424668,1452,1413
../instancias/VFR20_20_1_Gap.txt,8,0.400000,3.871746,2755,2331
../instancias/VFR600_20_1_Gap.txt,1,0.800000,148.562865,35505,33007
../instancias/VFR700_20_10_Gap.txt,10,0.400000,135.873410,41075,37806
../instancias/VFR700_20_10_Gap.txt,3,0.000000,140.842804,40916,37729
../instancias/VFR60_5_10_Gap.txt,2,0.000000,3.105675,3849,3665
../instancias/VFR10_15_1_Gap.txt,4,1.000000,1.464948,1542,1388
../instancias/VFR500_40_1_Gap.txt,5,0.400000,196.295162,33678,30739
../instancias/VFR10_15_1_Gap.txt,9,0.200000,1.431951,1489,1354
../instancias/VFR100_60_1_Gap.txt,6,0.200000,58.465787,11115,10027
../instancias/VFR20_10_3_Gap.txt,10,0.800000,2.016492,1888,1650
../instancias/VFR500_40_1_Gap.txt,6,0.000000,198.441194,33119,30616
../instancias/VFR600_20_1_Gap.txt,7,0.000000,122.338437,35473,32917
../instancias/VFR60_5_10_Gap.txt,10,0.000000,3.171878,3849,3667
../instancias/VFR100_60_1_Gap.txt,4,0.000000,57.101889,11247,9988
../instancias/VFR60_10_3_Gap.txt,3,0.600000,5.867041,4341,3704
../instancias/VFR60_5_10_Gap.txt,2,0.800000,3.157763,3903,3665
../instancias/VFR500_40_1_Gap.txt,2,0.800000,196.977107,33669,30630
../instancias/VFR20_20_1_Gap.txt,9,0.600000,3.939306,2698,2412
../instancias/VFR500_40_1_Gap.txt,10,1.000000,221.202662,33109,30788
../instancias/VFR500_40_1_Gap.txt,1,0.000000,223.316022,33119,30700
../instancias/VFR500_60_3_Gap.txt,8,0.800000,301.886336,36206,33444
../instancias/VFR500_40_1_Gap.txt,4,0.800000,202.931065,33643,30844
../instancias/VFR60_10_3_Gap.txt,4,0.400000,5.962127,4418,3605
../instancias/VFR20_10_3_Gap.txt,2,0.800000,2.003817,1886,1673
../instancias/VFR500_40_1_Gap.txt,7,0.400000,198.221502,33712,30740
../instancias/VFR60_10_3_Gap.txt,8,1.000000,5.882168,4374,3687
../instancias/VFR500_60_3_Gap.txt,2,0.400000,302.299316,36044,33513
../instancias/VFR600_20_1_Gap.txt,3,1.000000,119.544962,36244,33026
../instancias/VFR20_20_1_Gap.txt,10,0.600000,3.860581,2727,2328
../instancias/VFR60_5_10_Gap.txt,9,0.400000,3.070974,3875,3665
../instancias/VFR100_60_1_Gap.txt,3,0.400000,57.827496,11220,10019
../instancias/VFR60_5_10_Gap.txt,10,0.600000,3.243193,3839,3665
../instancias/VFR10_15_1_Gap.txt,10,0.800000,1.451564,1396,1388
../instancias/VFR10_15_1_Gap.txt,6,0.200000,1.424399,1417,1388
../instancias/VFR20_10_3_Gap.txt,4,0.000000,2.132534,2017,1676
../instancias/VFR10_15_1_Gap.txt,10,0.400000,1.421484,1414,1388
../instancias/VFR500_40_1_Gap.txt,5,0.200000,194.426101,33202,30871
../instancias/VFR60_5_10_Gap.txt,5,0.200000,3.139219,3849,3667
../instancias/VFR10_15_1_Gap.txt,7,0.200000,1.471041,1415,1346
../instancias/VFR60_10_3_Gap.txt,7,0.600000,6.082875,4379,3627
../instancias/VFR10_15_1_Gap.txt,10,1.000000,1.437585,1551,1390
../instancias/VFR500_40_1_Gap.txt,6,0.400000,196.567176,33521,30854
../instancias/VFR20_20_1_Gap.txt,3,0.400000,3.801834,2726,2376
../instancias/VFR10_15_1_Gap.txt,5,0.800000,1.493720,1473,1397
../instancias/VFR20_20_1_Gap.txt,4,0.800000,3.861119,2806,2413
../instancias/VFR60_5_10_Gap.txt,9,1.000000,3.104199,3792,3665
../instancias/VFR60_10_3_Gap.txt,10,0.200000,5.871813,4286,3566
../instancias/VFR60_10_3_Gap.txt,6,0.800000,5.942233,4515,3661
../instancias/VFR20_20_1_Gap.txt,7,0.000000,3.913794,2715,2373
../instancias/VFR500_60_3_Gap.txt,1,0.800000,300.392162,36449,33539
../instancias/VFR60_5_10_Gap.txt,5,0.400000,3.197191,3812,3665
../instancias/VFR500_60_3_Gap.txt,9,0.200000,302.666028,36750,33392
../instancias/VFR20_20_1_Gap.txt,8,0.200000,3.950578,2706,2338
../instancias/VFR500_60_3_Gap.txt,3,0.200000,297.654766,36842,33545
../instancias/VFR10_15_1_Gap.txt,5,0.200000,1.449763,1436,1309
../instancias/VFR700_20_10_Gap.txt,10,0.000000,138.045500,40916,37716
../instancias/VFR10_15_1_Gap.txt,3,0.800000,1.429829,1491,1364
../instancias/VFR10_15_1_Gap.txt,4,0.800000,1.440583,1562,1349
../instancias/VFR100_60_1_Gap.txt,8,1.000000,56.712884,11182,9980
../instancias/VFR10_15_1_Gap.txt,3,0.400000,1.422334,1506,1388
../instancias/VFR100_60_1_Gap.txt,9,0.000000,57.546781,11247,10002
../instancias/VFR20_20_1_Gap.txt,4,0.200000,3.841738,2855,2444
../instancias/VFR500_40_1_Gap.txt,10,0.000000,194.970533,33119,30619
../instancias/VFR20_20_1_Gap.txt,3,0.200000,3.815679,2662,2341
../instancias/VFR60_10_3_Gap.txt,2,0.200000,5.905461,4363,3587
../instancias/VFR20_10_3_Gap.txt,4,0.200000,2.008912,2050,1711
../instancias/VFR700_20_10_Gap.txt,6,0.200000,137.135401,40961,37660
../instancias/VFR600_20_1_Gap.txt,5,0.600000,119.504629,36084,32907
../instancias/VFR60_5_10_Gap.txt,8,0.600000,3.172946,3900,3677
../instancias/VFR700_20_10_Gap.txt,6,0.000000,141.448506,40916,37934
../instancias/VFR500_40_1_Gap.txt,4,1.000000,196.441875,33931,30636
../instancias/VFR20_20_1_Gap.txt,1,0.000000,3.837916,2715,2328
../instancias/VFR500_40_1_Gap.txt,1,0.400000,197.951385,34002,30592
../instancias/VFR20_10_3_Gap.txt,9,0.200000,2.000520,2037,1664
../instancias/VFR20_20_1_Gap.txt,1,0.600000,3.879385,2555,2348
../instancias/VFR700_20_10_Gap.txt,7,0.200000,138.702766,40452,37821
../instancias/VFR700_20_10_Gap.txt,4,0.400000,140.431385,40439,37942
../instancias/VFR700_20_10_Gap.txt,9,0.600000,140.329638,41456,37662
../instancias/VFR60_5_10_Gap.txt,8,0.400000,3.133195,3840,3667
../instancias/VFR600_20_1_Gap.txt,10,0.000000,116.899632,35473,32961
../instancias/VFR500_60_3_Gap.txt,6,0.400000,305.560116,36747,33685
../instancias/VFR500_60_3_Gap.txt,8,0.600000,305.113322,37023,33530
../instancias/VFR600_20_1_Gap.txt,1,0.200000,119.207342,35560,32989
../instancias/VFR10_15_1_Gap.txt,8,1.000000,1.406935,1424,1322
../instancias/VFR600_20_1_Gap.txt,1,0.400000,116.443344,36247,33003
../instancias/VFR700_20_10_Gap.txt,6,0.800000,142.738573,40782,37763
../instancias/VFR60_10_3_Gap.txt,1,0.200000,5.852654,4353,3578
../instancias/VFR700_20_10_Gap.txt,2,1.000000,137.878325,41119,37771
../instancias/VFR600_20_1_Gap.txt,10,0.400000,122.098331,36037,33019
../instancias/VFR500_40_1_Gap.txt,5,0.800000,196.765697,33928,30623
../instancias/VFR700_20_10_Gap.txt,8,1.000000,144.868950,41002,37710
../instancias/VFR20_10_3_Gap.txt,7,0.200000,1.999652,2007,1714
../instancias/VFR60_5_10_Gap.txt,1,0.600000,3.214708,3874,3684
../instancias/VFR20_20_1_Gap.txt,2,0.800000,3.804163,2737,2357
../instancias/VFR500_40_1_Gap.txt,7,0.000000,197.317937,33119,30656
../instancias/VFR500_40_1_Gap.txt,6,0.800000,199.045224,33818,30634
../instancias/VFR100_60_1_Gap.txt,1,0.600000,59.614201,11597,10055
../instancias/VFR500_60_3_Gap.txt,8,0.200000,300.179633,36783,33472
../instancias/VFR20_20_1_Gap.txt,5,0.200000,3.798781,2804,2360
../instancias/VFR60_5_10_Gap.txt,2,0.600000,3.094878,3900,3680
../instancias/VFR60_10_3_Gap.txt,1,0.600000,6.188944,4185,3637
../instancias/VFR60_10_3_Gap.txt,6,0.600000,5.876368,4270,3613
../instancias/VFR700_20_10_Gap.txt,5,0.000000,139.737790,40916,37918
../instancias/VFR500_60_3_Gap.txt,4,0.400000,297.356093,36791,33574
../instancias/VFR20_10_3_Gap.txt,1,0.600000,2.048305,1989,1705
../instancias/VFR20_20_1_Gap.txt,6,0.600000,3.950526,2743,2399
../instancias/VFR60_10_3_Gap.txt,4,0.800000,6.040092,4497,3765
../instancias/VFR20_20_1_Gap.txt,4,0.000000,4.004158,2715,2341
../instancias/VFR60_5_10_Gap.txt,5,0.800000,3.162440,3879,3665
../instancias/VFR60_10_3_Gap.txt,1,0.400000,5.945409,4292,3596
../instancias/VFR500_60_3_Gap.txt,10,0.800000,293.603776,36553,33536
../instancias/VFR500_40_1_Gap.txt,3,0.400000,194.808712,33375,30582
../instancias/VFR500_60_3_Gap.txt,9,0.600000,295.042302,36229,33584
../instancias/VFR20_20_1_Gap.txt,8,0.800000,3.902518,2716,2335
../instancias/VFR500_40_1_Gap.txt,6,0.200000,193.843055,33714,30686
../instancias/VFR10_15_1_Gap.txt,4,0.400000,1.418260,1500,1346
../instancias/VFR60_5_10_Gap.txt,4,0.200000,3.088921,3861,3671
../instancias/VFR10_15_1_Gap.txt,7,1.000000,1.473001,1486,1309
../instancias/VFR60_5_10_Gap.txt,7,1.000000,3.261173,3948,3665
../instancias/VFR100_60_1_Gap.txt,3,0.200000,57.803612,11204,10077
../instancias/VFR10_15_1_Gap.txt,8,0.400000,1.452030,1431,1346
../instancias/VFR600_20_1_Gap.txt,6,0.400000,119.101521,35816,33119
../instancias/VFR60_5_10_Gap.txt,8,1.000000,3.116065,3782,3671
../instancias/VFR600_20_1_Gap.txt,2,0.800000,121.988827,36516,32981
../instancias/VFR600_20_1_Gap.txt,5,0.000000,117.829199,35473,32957
../instancias/VFR20_20_1_Gap.txt,10,0.400000,3.861091,2745,2344
../instancias/VFR100_60_1_Gap.txt,2,0.000000,57.272569,11247,9967
../instancias/VFR500_40_1_Gap.txt,7,0.200000,195.570442,33759,30740
../instancias/VFR600_20_1_Gap.txt,9,0.000000,116.536412,35473,32968
../instancias/VFR20_20_1_Gap.txt,2,1.000000,3.784059,2841,2362
../instancias/VFR600_20_1_Gap.txt,6,0.600000,117.052389,36370,32962
../instancias/VFR600_20_1_Gap.txt,4,0.600000,120.761728,35815,32876
../instancias/VFR20_10_3_Gap.txt,7,0.400000,2.086410,1944,1676
../instancias/VFR500_40_1_Gap.txt,4,0.000000,202.048987,33119,30581
../instancias/VFR500_60_3_Gap.txt,4,0.800000,301.220016,36811,33421
../instancias/VFR60_10_3_Gap.txt,5,0.600000,5.938167,4374,3548
../instancias/VFR500_60_3_Gap.txt,3,0.800000,292.859872,36481,33575
../instancias/VFR60_5_10_Gap.txt,5,0.600000,3.192210,3911,3667
../instancias/VFR60_5_10_Gap.txt,6,1.000000,3.106335,3927,3665
../instancias/VFR10_15_1_Gap.txt,8,0.200000,1.418545,1417,1352
../instancias/VFR100_60_1_Gap.txt,5,0.800000,59.814847,11225,10099
../instancias/VFR700_20_10_Gap.txt,1,0.200000,136.894920,40739,37811
../instancias/VFR100_60_1_Gap.txt,5,0.000000,57.497757,11247,10072
../instancias/VFR500_60_3_Gap.txt,1,0.600000,303.052579,36306,33528
../instancias/VFR60_10_3_Gap.txt,8,0.400000,5.975707,4403,3582
../instancias/VFR60_5_10_Gap.txt,7,0.600000,3.147655,3898,3680
../instancias/VFR500_60_3_Gap.txt,7,1.000000,303.009840,35877,33533
../instancias/VFR10_15_1_Gap.txt,3,0.000000,1.421227,1424,1309
../instancias/VFR600_20_1_Gap.txt,4,0.800000,122.148520,36453,33005
../instancias/VFR100_60_1_Gap.txt,7,0.800000,57.889462,11259,10042
../instancias/VFR20_10_3_Gap.txt,5,0.800000,2.015222,1924,1725
../instancias/VFR20_10_3_Gap.txt,4,0.600000,2.039667,1938,1689
../instancias/VFR20_10_3_Gap.txt,9,0.400000,2.003995,1931,1651
../instancias/VFR20_20_1_Gap.txt,4,0.600000,3.945563,2706,2363
../instancias/VFR600_20_1_Gap.txt,2,1.000000,120.844707,35861,32982
../instancias/VFR100_60_1_Gap.txt,6,1.000000,57.827243,11319,10075
../instancias/VFR20_20_1_Gap.txt,4,1.000000,3.768258,2711,2389
../instancias/VFR100_60_1_Gap.txt,5,0.200000,58.108093,11386,10099
../instancias/VFR20_10_3_Gap.txt,7,0.000000,2.031454,2017,1710
../instancias/VFR20_20_1_Gap.txt,9,0.800000,3.821010,2768,2344
../instancias/VFR20_10_3_Gap.txt,5,0.000000,1.995136,2017,1729
../instancias/VFR600_20_1_Gap.txt,6,0.200000,116.282628,36008,32945
../instancias/VFR500_60_3_Gap.txt,5,1.000000,294.331973,36108,33418
../instancias/VFR10_15_1_Gap.txt,9,0.000000,1.445940,1424,1354
../instancias/VFR60_5_10_Gap.txt,7,0.400000,3.124093,3819,3665
../instancias/VFR500_60_3_Gap.txt,10,0.400000,299.767990,36568,33512
../instancias/VFR700_20_10_Gap.txt,4,0.800000,137.928368,40819,37828
../instancias/VFR100_60_1_Gap.txt,9,0.600000,59.005888,11172,9952
../instancias/VFR60_5_10_Gap.txt,2,0.200000,3.157317,3812,3665
../instancias/VFR60_10_3_Gap.txt,3,0.400000,5.891197,4367,3537
../instancias/VFR600_20_1_Gap.txt,3,0.800000,118.171089,36104,32954
../instancias/VFR100_60_1_Gap.txt,8,0.400000,57.902064,11425,10163
../instancias/VFR60_5_10_Gap.txt,10,0.200000,3.511457,3847,3684
../instancias/VFR500_60_3_Gap.txt,6,0.200000,301.924853,36481,33669
../instancias/VFR60_10_3_Gap.txt,3,0.800000,6.056840,4383,3584
../instancias/VFR100_60_1_Gap.txt,1,0.200000,57.242925,11244,10171
../instancias/VFR20_20_1_Gap.txt,10,0.200000,3.970068,2764,2342
../instancias/VFR700_20_10_Gap.txt,4,0.200000,137.732925,40776,37682
../instancias/VFR60_10_3_Gap.txt,7,0.200000,6.230154,4427,3655
../instancias/VFR20_10_3_Gap.txt,10,0.400000,2.054380,1944,1653
../instancias/VFR100_60_1_Gap.txt,2,0.800000,56.476251,11386,10085
../instancias/VFR10_15_1_Gap.txt,9,0.800000,1.454313,1509,1398
../instancias/VFR700_20_10_Gap.txt,5,1.000000,137.404301,41899,37774
../instancias/VFR20_10_3_Gap.txt,5,0.600000,1.973178,1962,1618
../instancias/VFR60_10_3_Gap.txt,3,0.000000,5.891470,4357,3514
../instancias/VFR20_10_3_Gap.txt,3,0.600000,2.035824,1855,1658
../instancias/VFR60_5_10_Gap.txt,4,0.000000,3.240998,3849,3665
../instancias/VFR100_60_1_Gap.txt,7,0.000000,58.516042,11247,9932
../instancias/VFR10_15_1_Gap.txt,6,0.000000,1.529242,1424,1309
../instancias/VFR100_60_1_Gap.txt,3,1.000000,58.194492,11423,10077
../instancias/VFR600_20_1_Gap.txt,3,0.600000,119.123872,35621,33090
../instancias/VFR500_40_1_Gap.txt,7,0.600000,199.280919,33772,30738
../instancias/VFR20_10_3_Gap.txt,9,0.800000,2.005538,1995,1671
../instancias/VFR20_20_1_Gap.txt,6,0.800000,3.817397,2772,2341
../instancias/VFR500_40_1_Gap.txt,8,0.400000,198.061931,33372,30889
../instancias/VFR500_60_3_Gap.txt,7,0.800000,299.385150,36393,33374
../instancias/VFR600_20_1_Gap.txt,3,0.200000,117.457839,36102,32899
../instancias/VFR60_5_10_Gap.txt,3,0.200000,3.148074,3806,3665
../instancias/VFR20_10_3_Gap.txt,10,1.000000,2.044819,2112,1662
../instancias/VFR10_15_1_Gap.txt,4,0.200000,1.425958,1420,1352
../instancias/VFR600_20_1_Gap.txt,5,0.200000,125.943902,36096,32942
../instancias/VFR100_60_1_Gap.txt,7,1.000000,59.650799,11015,10069
../instancias/VFR60_10_3_Gap.txt,9,0.600000,5.897561,4334,3534
../instancias/VFR60_10_3_Gap.txt,5,0.000000,6.042789,4357,3703
../instancias/VFR20_20_1_Gap.txt,1,0.800000,3.785049,2672,2395
../instancias/VFR500_60_3_Gap.txt,6,1.000000,296.351298,36979,33601
../instancias/VFR700_20_10_Gap.txt,7,0.600000,137.802444,41611,37833
../instancias/VFR700_20_10_Gap.txt,2,0.000000,140.116661,40916,37943
../instancias/VFR700_20_10_Gap.txt,1,0.400000,140.634592,41128,37819
../instancias/VFR700_20_10_Gap.txt,3,0.400000,142.674266,41114,38011
../instancias/VFR20_20_1_Gap.txt,1,0.400000,3.924414,2726,2360
../instancias/VFR100_60_1_Gap.txt,2,0.200000,56.961575,11244,10042
../instancias/VFR20_10_3_Gap.txt,10,0.600000,1.998770,1997,1710
../instancias/VFR20_20_1_Gap.txt,8,0.600000,3.923187,2748,2407
../instancias/VFR20_10_3_Gap.txt,2,1.000000,2.072644,2042,1663
../instancias/VFR700_20_10_Gap.txt,3,0.600000,168.054927,41470,37804
../instancias/VFR600_20_1_Gap.txt,7,1.000000,143.852364,35733,32986
../instancias/VFR100_60_1_Gap.txt,4,1.000000,58.675592,11188,10163
../instancias/VFR100_60_1_Gap.txt,4,0.400000,57.289045,11226,9993
../instancias/VFR20_20_1_Gap.txt,9,0.400000,3.913057,2791,2373
../instancias/VFR60_5_10_Gap.txt,9,0.200000,3.089364,3849,3667
../instancias/VFR500_60_3_Gap.txt,5,0.400000,298.895486,36988,33593
../instancias/VFR700_20_10_Gap.txt,8,0.600000,137.431798,40770,37805
../instancias/VFR600_20_1_Gap.txt,10,0.600000,122.413829,35516,32993
../instancias/VFR600_20_1_Gap.txt,10,0.200000,119.580408,35665,32973
../instancias/VFR60_10_3_Gap.txt,9,1.000000,5.942240,4512,3704
../instancias/VFR20_20_1_Gap.txt,3,0.600000,4.039107,2731,2378
../instancias/VFR60_5_10_Gap.txt,3,1.000000,3.134429,4080,3665
../instancias/VFR60_10_3_Gap.txt,3,0.200000,6.049772,4483,3675
../instancias/VFR20_10_3_Gap.txt,4,0.800000,1.988722,1801,1671
../instancias/VFR20_20_1_Gap.txt,5,0.600000,3.923160,2642,2338
../instancias/VFR100_60_1_Gap.txt,9,1.000000,58.012888,11354,10078
../instancias/VFR100_60_1_Gap.txt,10,0.200000,57.810495,11306,9964
../instancias/VFR500_40_1_Gap.txt,4,0.400000,195.274424,33350,30695
../instancias/VFR100_60_1_Gap.txt,6,0.800000,57.601704,11564,10067
../instancias/VFR100_60_1_Gap.txt,5,1.000000,57.032136,11496,10012
../instancias/VFR60_5_10_Gap.txt,10,1.000000,3.150208,3906,3665
../instancias/VFR10_15_1_Gap.txt,9,0.600000,1.429554,1518,1309
../instancias/VFR20_20_1_Gap.txt,3,1.000000,3.881626,2765,2404
../instancias/VFR60_10_3_Gap.txt,2,1.000000,5.892890,4199,3569
../instancias/VFR100_60_1_Gap.txt,5,0.400000,57.234499,11243,10038
../instancias/VFR10_15_1_Gap.txt,10,0.600000,1.441937,1435,1320
../instancias/VFR20_10_3_Gap.txt,6,0.600000,2.126319,1868,1695
../instancias/VFR100_60_1_Gap.txt,1,0.400000,58.750727,11287,10078
../instancias/VFR20_20_1_Gap.txt,1,0.200000,3.958126,2798,2392
../instancias/VFR60_10_3_Gap.txt,7,1.000000,5.930343,4462,3596
../instancias/VFR500_40_1_Gap.txt,3,0.600000,198.136866,33748,30670
../instancias/VFR500_40_1_Gap.txt,9,1.000000,198.712808,33407,30717
../instancias/VFR60_5_10_Gap.txt,8,0.200000,3.187320,3847,3665
../instancias/VFR700_20_10_Gap.txt,6,1.000000,140.443741,40966,37904
../instancias/VFR60_5_10_Gap.txt,3,0.600000,3.137849,3886,3665
../instancias/VFR600_20_1_Gap.txt,1,0.000000,117.410814,35473,32997
../instancias/VFR600_20_1_Gap.txt,7,0.600000,120.705926,36172,32968
../instancias/VFR500_60_3_Gap.txt,2,0.600000,296.789091,36601,33485
../instancias/VFR500_60_3_Gap.txt,4,0.200000,304.298878,36872,33735
../instancias/VFR600_20_1_Gap.txt,5,1.000000,120.032460,36039,32948
../instancias/VFR20_20_1_Gap.txt,7,0.600000,3.882927,2818,2411
../instancias/VFR20_10_3_Gap.txt,7,0.800000,2.054936,1839,1667
../instancias/VFR500_40_1_Gap.txt,8,0.200000,203.131054,33599,30898
../instancias/VFR20_10_3_Gap.txt,3,0.200000,1.985557,2006,1694
../instancias/VFR100_60_1_Gap.txt,8,0.600000,57.197330,11247,9995
../instancias/VFR700_20_10_Gap.txt,3,0.800000,141.902105,41122,37875
../instancias/VFR10_15_1_Gap.txt,1,1.000000,1.506510,1467,1346
../instancias/VFR60_5_10_Gap.txt,2,0.400000,3.178067,3859,3665
../instancias/VFR20_20_1_Gap.txt,6,0.000000,3.799048,2715,2390
../instancias/VFR20_20_1_Gap.txt,1,1.000000,3.921440,2787,2377
../instancias/VFR500_60_3_Gap.txt,2,0.000000,306.061840,36930,33634
../instancias/VFR60_5_10_Gap.txt,7,0.200000,3.151193,3802,3665
../instancias/VFR500_40_1_Gap.txt,2,0.400000,197.411995,33415,30602
../instancias/VFR60_10_3_Gap.txt,9,0.800000,5.882676,4452,3567
../instancias/VFR20_10_3_Gap.txt,10,0.000000,2.092469,2017,1670
../instancias/VFR500_40_1_Gap.txt,9,0.200000,204.238220,33767,30516
../instancias/VFR20_10_3_Gap.txt,7,1.000000,1.995190,2012,1679
../instancias/VFR10_15_1_Gap.txt,3,0.200000,1.405060,1414,1352
../instancias/VFR10_15_1_Gap.txt,1,0.400000,1.429049,1396,1396
../instancias/VFR500_60_3_Gap.txt,10,0.000000,303.125996,36930,33605
../instancias/VFR700_20_10_Gap.txt,9,1.000000,136.824629,41034,37845
../instancias/VFR60_5_10_Gap.txt,8,0.000000,3.365449,3849,3684
../instancias/VFR500_40_1_Gap.txt,1,0.600000,197.402023,33895,30722
../instancias/VFR500_60_3_Gap.txt,6,0.000000,295.752847,36930,33607
../instancias/VFR600_20_1_Gap.txt,2,0.400000,121.068028,35785,32780
../instancias/VFR600_20_1_Gap.txt,9,0.400000,115.951324,35613,33123
../instancias/VFR500_40_1_Gap.txt,6,0.600000,198.088001,33186,30620
../instancias/VFR20_10_3_Gap.txt,9,0.000000,2.044165,2017,1664
../instancias/VFR10_15_1_Gap.txt,1,0.600000,1.429957,1442,1344
../instancias/VFR10_15_1_Gap.txt,9,0.400000,1.494383,1446,1310
../instancias/VFR10_15_1_Gap.txt,4,0.600000,1.505505,1544,1424
../instancias/VFR500_60_3_Gap.txt,2,0.200000,308.714143,36665,33699
../instancias/VFR60_10_3_Gap.txt,1,1.000000,6.091793,4629,3698
../instancias/VFR20_10_3_Gap.txt,5,0.200000,1.992421,1984,1693
../instancias/VFR60_10_3_Gap.txt,3,1.000000,6.084527,4416,3570
../instancias/VFR100_60_1_Gap.txt,8,0.000000,56.658845,11247,10068
../instancias/VFR10_15_1_Gap.txt,6,0.800000,1.429224,1452,1328
../instancias/VFR100_60_1_Gap.txt,4,0.600000,57.519548,11232,10153
../instancias/VFR500_40_1_Gap.txt,8,0.800000,197.756499,33911,30660
../instancias/VFR700_20_10_Gap.txt,5,0.600000,141.839352,41076,37920
../instancias/VFR60_5_10_Gap.txt,6,0.800000,3.168506,3866,3665
../instancias/VFR100_60_1_Gap.txt,3,0.000000,58.383562,11247,9995
../instancias/VFR60_5_10_Gap.txt,1,0.000000,3.117147,3849,3665
../instancias/VFR700_20_10_Gap.txt,10,1.000000,141.426625,41114,37805
../instancias/VFR500_60_3_Gap.txt,2,1.000000,296.383168,36192,33539
../instancias/VFR500_60_3_Gap.txt,10,1.000000,298.873763,36440,33608
../instancias/VFR10_15_1_Gap.txt,1,0.800000,1.456128,1512,1346
../instancias/VFR500_40_1_Gap.txt,3,1.000000,202.618145,33852,30835
../instancias/VFR100_60_1_Gap.txt,1,1.000000,58.056329,11543,10091
../instancias/VFR60_10_3_Gap.txt,9,0.200000,6.243705,4249,3693
../instancias/VFR500_40_1_Gap.txt,9,0.000000,196.880864,33119,30684
../instancias/VFR100_60_1_Gap.txt,10,0.800000,58.820209,11442,9980
../instancias/VFR10_15_1_Gap.txt,5,0.000000,1.423157,1424,1346
../instancias/VFR500_60_3_Gap.txt,8,0.400000,294.944778,36470,33438
../instancias/VFR700_20_10_Gap.txt,1,0.000000,137.356404,40916,37748
../instancias/VFR60_10_3_Gap.txt,4,0.000000,5.896078,4357,3620
../instancias/VFR700_20_10_Gap.txt,2,0.200000,142.757490,40962,37772
../instancias/VFR100_60_1_Gap.txt,3,0.600000,59.443836,11212,9947
../instancias/VFR500_40_1_Gap.txt,10,0.200000,203.971750,33404,30777
../instancias/VFR100_60_1_Gap.txt,9,0.400000,57.493413,11058,10033
../instancias/VFR600_20_1_Gap.txt,10,1.000000,119.887705,35419,33031
../instancias/VFR600_20_1_Gap.txt,9,1.000000,121.741020,35599,33099
../instancias/VFR100_60_1_Gap.txt,6,0.400000,58.317804,11312,10002
../instancias/VFR60_5_10_Gap.txt,9,0.600000,3.115411,3885,3677
../instancias/VFR10_15_1_Gap.txt,6,0.600000,1.455868,1405,1356
../instancias/VFR100_60_1_Gap.txt,10,0.600000,57.577059,11305,10091
../instancias/VFR700_20_10_Gap.txt,8,0.200000,140.480732,40925,37988
../instancias/VFR20_20_1_Gap.txt,5,0.400000,3.855083,2620,2331
../instancias/VFR600_20_1_Gap.txt,7,0.200000,134.724756,35780,32996
../instancias/VFR600_20_1_Gap.txt,6,1.000000,123.463557,35438,32932
../instancias/VFR20_10_3_Gap.txt,8,0.400000,2.023153,1981,1711
../instancias/VFR60_5_10_Gap.txt,9,0.800000,3.159131,3870,3665
../instancias/VFR500_60_3_Gap.txt,7,0.600000,302.944804,36001,33651
../instancias/VFR20_20_1_Gap.txt,7,0.200000,3.774483,2654,2309
../instancias/VFR600_20_1_Gap.txt,7,0.400000,119.122448,35858,32936
../instancias/VFR20_10_3_Gap.txt,3,0.000000,2.114436,2017,1714
../instancias/VFR60_10_3_Gap.txt,2,0.400000,6.039216,4201,3656
../instancias/VFR700_20_10_Gap.txt,4,0.600000,139.208861,40760,37738
../instancias/VFR60_5_10_Gap.txt,4,0.400000,3.131294,3858,3667
../instancias/VFR60_10_3_Gap.txt,6,0.000000,6.060660,4357,3646
../instancias/VFR60_5_10_Gap.txt,1,1.000000,3.143099,3960,3665
../instancias/VFR60_5_10_Gap.txt,2,1.000000,3.129480,3969,3665
../instancias/VFR500_40_1_Gap.txt,1,0.200000,196.542212,33697,30777
../instancias/VFR10_15_1_Gap.txt,2,0.400000,1.420492,1483,1346
../instancias/VFR500_40_1_Gap.txt,8,0.000000,202.132796,33119,30727
../instancias/VFR500_60_3_Gap.txt,5,0.200000,299.715298,37071,33512
../instancias/VFR20_10_3_Gap.txt,6,0.400000,2.059964,1960,1698
../instancias/VFR500_40_1_Gap.txt,3,0.200000,199.950776,33762,30856
../instancias/VFR700_20_10_Gap.txt,5,0.400000,140.680338,40741,37878
../instancias/VFR20_20_1_Gap.txt,10,1.000000,3.992877,2950,2355
../instancias/VFR500_40_1_Gap.txt,5,1.000000,202.505324,34580,30585
../instancias/VFR700_20_10_Gap.txt,4,1.000000,142.283932,40908,37632
../instancias/VFR500_60_3_Gap.txt,10,0.600000,301.422642,36938,33584
../instancias/VFR20_20_1_Gap.txt,6,1.000000,3.804909,2739,2306
../instancias/VFR10_15_1_Gap.txt,9,1.000000,1.433569,1456,1309
../instancias/VFR500_40_1_Gap.txt,2,0.200000,205.002667,33521,30691
../instancias/VFR600_20_1_Gap.txt,6,0.800000,117.766073,36636,32808
../instancias/VFR100_60_1_Gap.txt,1,0.800000,57.089107,11390,9975
../instancias/VFR600_20_1_Gap.txt,5,0.800000,120.820799,36132,32755
../instancias/VFR60_5_10_Gap.txt,4,0.600000,3.259099,3834,3665
../instancias/VFR500_40_1_Gap.txt,2,1.000000,196.503309,33030,30683
../instancias/VFR60_10_3_Gap.txt,9,0.400000,5.836477,4274,3653
../instancias/VFR500_60_3_Gap.txt,5,0.800000,295.294121,36439,33567
../instancias/VFR600_20_1_Gap.txt,3,0.000000,117.042111,35473,32820
../instancias/VFR60_5_10_Gap.txt,1,0.800000,3.162313,3955,3665
../instancias/VFR20_10_3_Gap.txt,6,0.200000,1.975236,2120,1655
../instancias/VFR500_60_3_Gap.txt,10,0.200000,297.116124,36208,33601
../instancias/VFR60_5_10_Gap.txt,8,0.800000,3.154491,3846,3667
../instancias/VFR100_60_1_Gap.txt,10,0.400000,58.451842,11402,10059
../instancias/VFR100_60_1_Gap.txt,9,0.200000,57.810658,11061,10123
../instancias/VFR20_20_1_Gap.txt,6,0.200000,3.974514,2809,2333
../instancias/VFR60_10_3_Gap.txt,10,0.400000,6.035960,4296,3648
../instancias/VFR100_60_1_Gap.txt,4,0.200000,57.648749,11190,10029
../instancias/VFR500_60_3_Gap.txt,9,0.800000,301.341479,36444,33321
../instancias/VFR500_40_1_Gap.txt,2,0.600000,201.151074,33896,30933
../instancias/VFR500_60_3_Gap.txt,4,0.000000,291.876238,36930,33435
../instancias/VFR20_10_3_Gap.txt,5,0.400000,2.021406,1948,1666
../instancias/VFR10_15_1_Gap.txt,2,0.200000,1.419866,1436,1347
../instancias/VFR60_10_3_Gap.txt,6,0.200000,6.025120,4450,3690
../instancias/VFR100_60_1_Gap.txt,8,0.200000,57.536991,11318,10074
../instancias/VFR60_10_3_Gap.txt,6,1.000000,6.044515,4387,3621
../instancias/VFR700_20_10_Gap.txt,3,0.200000,147.468744,40967,37717
../instancias/VFR60_5_10_Gap.txt,10,0.800000,3.144920,3900,3684
../instancias/VFR60_10_3_Gap.txt,10,0.600000,5.884369,4175,3634
../instancias/VFR20_10_3_Gap.txt,10,0.200000,2.071835,2068,1655
../instancias/VFR500_40_1_Gap.txt,4,0.200000,203.706082,33301,30725
../instancias/VFR700_20_10_Gap.txt,2,0.600000,144.521865,40884,37862
../instancias/VFR500_40_1_Gap.txt,5,0.000000,196.496202,33119,30611
../instancias/VFR20_10_3_Gap.txt,1,1.000000,2.013359,1950,1657
../instancias/VFR60_10_3_Gap.txt,1,0.000000,5.960916,4357,3553
../instancias/VFR100_60_1_Gap.txt,4,0.800000,58.741969,11745,10014
../instancias/VFR60_10_3_Gap.txt,8,0.000000,5.951887,4357,3652
../instancias/VFR20_20_1_Gap.txt,9,1.000000,3.876848,2763,2382
../instancias/VFR600_20_1_Gap.txt,4,0.200000,119.476853,35627,32806
../instancias/VFR700_20_10_Gap.txt,3,1.000000,138.746771,40766,37900
../instancias/VFR500_60_3_Gap.txt,3,0.600000,301.352992,36758,33715
../instancias/VFR20_10_3_Gap.txt,1,0.800000,2.050693,2005,1681
../instancias/VFR20_20_1_Gap.txt,9,0.000000,3.860537,2715,2328
../instancias/VFR60_10_3_Gap.txt,5,0.800000,6.056166,4341,3645
../instancias/VFR20_10_3_Gap.txt,6,0.000000,2.042507,2017,1633
../instancias/VFR100_60_1_Gap.txt,3,0.800000,57.914880,11214,10187
../instancias/VFR100_60_1_Gap.txt,9,0.800000,56.933646,11508,10081
../instancias/VFR500_60_3_Gap.txt,1,1.000000,298.601758,35829,33470
../instancias/VFR10_15_1_Gap.txt,1,0.200000,1.485897,1454,1392
../instancias/VFR600_20_1_Gap.txt,9,0.600000,119.403653,36260,33005
../instancias/VFR100_60_1_Gap.txt,2,0.600000,57.921242,11131,9985
../instancias/VFR100_60_1_Gap.txt,7,0.200000,57.954678,11450,9939
../instancias/VFR20_10_3_Gap.txt,3,0.800000,2.049176,1903,1740
../instancias/VFR20_10_3_Gap.txt,4,1.000000,2.115570,1935,1732
../instancias/VFR60_10_3_Gap.txt,7,0.000000,6.016705,4357,3675
../instancias/VFR20_10_3_Gap.txt,6,1.000000,2.012514,1983,1686
../instancias/VFR60_5_10_Gap.txt,3,0.000000,3.062968,3849,3665
../instancias/VFR10_15_1_Gap.txt,6,1.000000,1.443233,1616,1321
../instancias/VFR60_10_3_Gap.txt,5,1.000000,6.011590,4197,3589
../instancias/VFR10_15_1_Gap.txt,5,1.000000,1.431888,1504,1344
../instancias/VFR20_20_1_Gap.txt,2,0.200000,3.884473,2820,2386
../instancias/VFR600_20_1_Gap.txt,9,0.800000,118.103157,35825,32950
../instancias/VFR20_10_3_Gap.txt,6,0.800000,2.005862,1841,1734
../instancias/VFR60_10_3_Gap.txt,6,0.400000,5.926589,4415,3742
../instancias/VFR60_10_3_Gap.txt,8,0.600000,5.935016,4376,3556
../instancias/VFR100_60_1_Gap.txt,2,0.400000,58.227424,11071,10038
../instancias/VFR700_20_10_Gap.txt,5,0.200000,140.132247,40632,37824
../instancias/VFR20_10_3_Gap.txt,9,1.000000,2.030963,2036,1698
../instancias/VFR60_10_3_Gap.txt,10,1.000000,6.019819,4282,3650
../instancias/VFR10_15_1_Gap.txt,8,0.800000,1.442508,1465,1317
../instancias/VFR100_60_1_Gap.txt,2,1.000000,59.825923,11517,10054
../instancias/VFR60_5_10_Gap.txt,4,0.800000,3.169212,4031,3680
../instancias/VFR600_20_1_Gap.txt,8,0.200000,118.640546,35773,32838
../instancias/VFR700_20_10_Gap.txt,4,0.000000,139.641529,40916,37886
../instancias/VFR500_40_1_Gap.txt,10,0.400000,199.979028,33324,30635
../instancias/VFR60_5_10_Gap.txt,6,0.600000,3.093189,3946,3684
../instancias/VFR700_20_10_Gap.txt,1,0.800000,148.605982,41341,37859
